﻿id_indicador,nombre,año,notas
6207048973,Vehículos de motor registrados en circulación,2020,"Se actualizaron las cifras de Guanajuato y Ciudad de México, para el año 2020"
6207048973,Vehículos de motor registrados en circulación,2019,"Para el periodo 2019 se ajustaron cifras a petición de los Estados de Baja California, Baja California Sur, México, Puebla y Tabasco."
6207048973,Vehículos de motor registrados en circulación,2018,"Para el año 2018 se realizaron ajustes de cifras a solicitud de las fuentes informantes en los Estados de Baja California, Baja California Sur, Chiapas y Ciudad de México."
6207048973,Vehículos de motor registrados en circulación,2017,"A partir del 2017 se dio una reestructuración en el gobierno del estado de Morelos, al entrar en vigor las adiciones a la Ley Orgánica de la Administración Pública del Estado de Morelos y la Ley del Transporte Estatal con la cuales se transfiere a la Secretaría de Hacienda parcialmente las atribuciones de la Secretaría de Movilidad y Transporte en relación al control vehicular, razón por la cual actualizaron las cifras del año 2016."
6207048973,Vehículos de motor registrados en circulación,2016,El municipio de Tlajomulco de Zúñiga incluye la localidad de Cajititlan.
6207048973,Vehículos de motor registrados en circulación,2015,"A partir de 2010, la fuente informante incluye las unidades vehiculares que prestan el Servicio Público Federal."

